{
  "0.0": {
    "acc_mean": 0.72265625,
    "acc_std": 0.3286918466864139,
    "hit_mean": 0.12468749999999999,
    "hit_std": 0.10885041610364886,
    "entropy_mean": 6.808965517060299,
    "entropy_std": 0.046627162104554185
  },
  "0.01": {
    "acc_mean": 0.96796875,
    "acc_std": 0.022426093897511445,
    "hit_mean": 0.992578125,
    "hit_std": 0.002022215485241365,
    "entropy_mean": 6.68582821265732,
    "entropy_std": 0.030016633758737858
  },
  "0.1": {
    "acc_mean": 0.9703125,
    "acc_std": 0.021338281693355724,
    "hit_mean": 0.99453125,
    "hit_std": 0.0013755325673171013,
    "entropy_mean": 6.685401139656955,
    "entropy_std": 0.02399691871215491
  },
  "1.0": {
    "acc_mean": 0.83828125,
    "acc_std": 0.12540461857274235,
    "hit_mean": 0.9946093749999999,
    "hit_std": 0.0017712162576178794,
    "entropy_mean": 6.688834024350318,
    "entropy_std": 0.020500084227594143
  }
}